{
  "store_url": "https://allbirds.com",
  "timestamp": "2025-08-16T21:20:34.427861",
  "success": true,
  "processing_time": 176.6075644493103,
  "product_catalog": [
    {
      "id": null,
      "title": "Anytime No Show Sock",
      "description": "Soft, breathable, and super durable, these lightweight socks are designed to stay put so no one will even know they’re there—unless you blow their cover.",
      "price": null,
      "currency": "USD",
      "images": [],
      "category": "other",
      "tags": [],
      "url": "https://allbirds.com/products/anytime-no-show-sock-deep-navy",
      "available": true,
      "variants": null,
      "metafields": {}
    },
    {
      "id": null,
      "title": "Women's Tree Runner",
      "description": "Allbirds women's Tree Runners, breathable sneakers in Limited Edition & Classic colors (Mist). FREE shipping & returns, view a size chart. Tree Runners for women are versatile sneakers, breathable, and constructed from sustainable and recycled materials. Find a review, sizing info, and order online.",
      "price": null,
      "currency": "USD",
      "images": [],
      "category": "other",
      "tags": [],
      "url": "https://allbirds.com/products/womens-tree-runners",
      "available": true,
      "variants": null,
      "metafields": {}
    },
    {
      "id": null,
      "title": "Men's Tree Gliders",
      "description": "Whether it’s workouts or hangouts, the Tree Glider has every phase of your day covered. Inspired by effortless ease, this elevated active style brings flow everywhere you go.",
      "price": null,
      "currency": "USD",
      "images": [],
      "category": "other",
      "tags": [],
      "url": "https://allbirds.com/products/mens-tree-gliders",
      "available": true,
      "variants": null,
      "metafields": {}
    },
    {
      "id": null,
      "title": "Men's Canvas Piper",
      "description": "The newest member of our Piper family, refreshed in a warm-weather-friendly cotton canvas that packs light, wears easy, and goes great with long weekends.",
      "price": null,
      "currency": "USD",
      "images": [],
      "category": "other",
      "tags": [],
      "url": "https://allbirds.com/products/mens-canvas-pipers-natural-white-hanami-night",
      "available": true,
      "variants": null,
      "metafields": {}
    },
    {
      "id": null,
      "title": "Women's Tree Glider",
      "description": "Whether it’s workouts or hangouts, the Tree Glider has every phase of your day covered. Inspired by effortless ease, this elevated active style brings flow everywhere you go.",
      "price": null,
      "currency": "USD",
      "images": [],
      "category": "other",
      "tags": [],
      "url": "https://allbirds.com/products/womens-tree-gliders",
      "available": true,
      "variants": null,
      "metafields": {}
    },
    {
      "id": null,
      "title": "Men's Tree Runner",
      "description": "The Allbirds Tree Runner is a breathable and lightweight sneaker made with responsibly sourced eucalyptus tree fiber that feels silky smooth and cool on your skin. These shoes are perfect for everyday casual wear, walking, and warmer weather.",
      "price": null,
      "currency": "USD",
      "images": [],
      "category": "other",
      "tags": [],
      "url": "https://allbirds.com/products/mens-tree-runners",
      "available": true,
      "variants": null,
      "metafields": {}
    },
    {
      "id": null,
      "title": "Women's Canvas Piper",
      "description": "The newest member of our Piper family, refreshed in a warm-weather-friendly cotton canvas that packs light, wears easy, and goes great with long weekends.",
      "price": null,
      "currency": "USD",
      "images": [],
      "category": "other",
      "tags": [],
      "url": "https://allbirds.com/products/womens-canvas-pipers-natural-white-hanami-night",
      "available": true,
      "variants": null,
      "metafields": {}
    },
    {
      "id": null,
      "title": "Anytime Ankle Sock",
      "description": "Designed to keep you comfortable for workouts, work, or WFH. They’re breathable, and extra durable for the long haul.",
      "price": null,
      "currency": "USD",
      "images": [],
      "category": "other",
      "tags": [],
      "url": "https://allbirds.com/products/anytime-ankle-sock",
      "available": true,
      "variants": null,
      "metafields": {}
    },
    {
      "id": null,
      "title": "Anytime Crew Sock",
      "description": "Light, breathable and made to move and groove without budging. These are socks you’ll never want to take off.",
      "price": null,
      "currency": "USD",
      "images": [],
      "category": "other",
      "tags": [],
      "url": "https://allbirds.com/products/anytime-crew-sock-natural-black",
      "available": true,
      "variants": null,
      "metafields": {}
    },
    {
      "id": null,
      "title": "Men's Wool Runner NZ",
      "description": "The next generation Wool Runner NZ delivers on a refined execution without sacrificing its best-in-class comfort.",
      "price": null,
      "currency": "USD",
      "images": [],
      "category": "other",
      "tags": [],
      "url": "https://www.allbirds.com/products/mens-wool-runner-nz",
      "available": true,
      "variants": null,
      "metafields": {}
    },
    {
      "id": null,
      "title": "Women's Tree Breezer",
      "description": "Crafted with silky-smooth, breathable eucalyptus tree fiber and a secure fitted collar, the Tree Breezer is a versatile, lightweight, and comfortable ballet flat with no break-in necessary.",
      "price": null,
      "currency": "USD",
      "images": [],
      "category": "other",
      "tags": [],
      "url": "https://allbirds.com/products/womens-tree-breezers-jet-black",
      "available": true,
      "variants": null,
      "metafields": {}
    },
    {
      "id": null,
      "title": "Women's Tree Dasher 2",
      "description": "The Tree Dasher 2 is the next evolution of our everyday active shoe with more responsive foam, extra grip, and an improved fit to keep you moving, and nature winning.",
      "price": null,
      "currency": "USD",
      "images": [],
      "category": "other",
      "tags": [],
      "url": "https://allbirds.com/products/womens-tree-dashers",
      "available": true,
      "variants": null,
      "metafields": {}
    },
    {
      "id": null,
      "title": "Anytime No Show Sock",
      "description": "Soft, breathable, and super durable, these lightweight socks are designed to stay put so no one will even know they’re there—unless you blow their cover.",
      "price": null,
      "currency": "USD",
      "images": [],
      "category": "other",
      "tags": [],
      "url": "https://allbirds.com/products/anytime-no-show-sock-blizzard",
      "available": true,
      "variants": null,
      "metafields": {}
    },
    {
      "id": null,
      "title": "Women's Wool Runner NZ",
      "description": "The next generation Wool Runner NZ delivers on a refined execution without sacrificing its best-in-class comfort.",
      "price": null,
      "currency": "USD",
      "images": [],
      "category": "other",
      "tags": [],
      "url": "https://www.allbirds.com/products/womens-wool-runner-nz",
      "available": true,
      "variants": null,
      "metafields": {}
    },
    {
      "id": null,
      "title": "Men's Tree Dasher 2",
      "description": "The Tree Dasher 2 is the next evolution of our best-selling running shoe, designed to support your everyday runs, walks, and light workouts. Made with lightweight and breathable eucalyptus fiber, this shoe has lighter, more responsive foam, extra grip, padded heel collar to reduce slipping, and an improved fit to keep you running and nature winning.",
      "price": null,
      "currency": "USD",
      "images": [],
      "category": "other",
      "tags": [],
      "url": "https://allbirds.com/products/mens-tree-dashers",
      "available": true,
      "variants": null,
      "metafields": {}
    }
  ],
  "hero_products": [],
  "privacy_policy": null,
  "return_policy": null,
  "refund_policy": null,
  "faqs": [],
  "social_handles": [
    {
      "platform": "instagram",
      "handle": "allbirds",
      "url": "https://www.instagram.com/allbirds",
      "followers": null
    },
    {
      "platform": "pinterest",
      "handle": "weareallbirds",
      "url": "http://pinterest.com/weareallbirds",
      "followers": null
    },
    {
      "platform": "facebook",
      "handle": "weareallbirds",
      "url": "https://www.facebook.com/weareallbirds",
      "followers": null
    },
    {
      "platform": "twitter",
      "handle": "allbirds",
      "url": "https://twitter.com/allbirds",
      "followers": null
    },
    {
      "platform": "tiktok",
      "handle": "weareallbirds",
      "url": "https://www.tiktok.com/@weareallbirds",
      "followers": null
    },
    {
      "platform": "youtube",
      "handle": "channel",
      "url": "https://www.youtube.com/channel/UCnGErLCau5qNJ0Xwe6uEyTw",
      "followers": null
    }
  ],
  "contact_info": {
    "email": "help@allbirds.com",
    "phone": "2025",
    "address": null,
    "contact_form_url": "mailto:help@allbirds.com"
  },
  "brand_context": {
    "name": "ReRun",
    "description": "replace petroleum-based synthetics with natural alternatives wherever we can.",
    "about": "ReRun\nTHE NEW TREE CRUISER\nNew shoes, (even) more comfort.",
    "mission": null,
    "vision": null,
    "founded_year": null,
    "headquarters": "synthetics with natural alternatives wherever we can.",
    "industry": "Apparel"
  },
  "important_links": [
    {
      "title": "About",
      "url": "https://www.allbirds.com/pages/our-story?a_ajs_event=Navigation+Clicked&a_ajs_prop_navigation_level_1=about&a_ajs_prop_navigation_source=www.allbirds.com%2F&a_ajs_prop_navigation_type=global",
      "description": "Learn more about the company and brand story",
      "category": null
    },
    {
      "title": "help@allbirds.com",
      "url": "mailto:help@allbirds.com",
      "description": "Get in touch with customer support and sales team",
      "category": null
    },
    {
      "title": "FAQ/Contact Us",
      "url": "https://www.allbirds.com/pages/help?a_ajs_event=Footer+Link+Clicked&a_ajs_prop_footer_link_category=Help&a_ajs_prop_footer_link_name=FAQ%2FContact+Us",
      "description": "Get in touch with customer support and sales team",
      "category": null
    },
    {
      "title": "Returns/Exchanges",
      "url": "https://www.allbirds.com/pages/returns-exchanges?a_ajs_event=Footer+Link+Clicked&a_ajs_prop_footer_link_category=Help&a_ajs_prop_footer_link_name=Returns%2FExchanges",
      "description": "Get in touch with customer support and sales team",
      "category": null
    },
    {
      "title": "Our Stores",
      "url": "https://www.allbirds.com/pages/stores?a_ajs_event=Footer+Link+Clicked&a_ajs_prop_footer_link_category=Company&a_ajs_prop_footer_link_name=Our+Stores",
      "description": "Learn more about the company and brand story",
      "category": null
    },
    {
      "title": "Our Story",
      "url": "https://www.allbirds.com/pages/our-story?a_ajs_event=Footer+Link+Clicked&a_ajs_prop_footer_link_category=Company&a_ajs_prop_footer_link_name=Our+Story",
      "description": "Learn more about the company and brand story",
      "category": null
    },
    {
      "title": "Our Materials",
      "url": "https://www.allbirds.com/pages/materials?a_ajs_event=Footer+Link+Clicked&a_ajs_prop_footer_link_category=Company&a_ajs_prop_footer_link_name=Our+Materials",
      "description": "Learn more about the company and brand story",
      "category": null
    },
    {
      "title": "Sustainability",
      "url": "https://www.allbirds.com/pages/sustainability?a_ajs_event=Footer+Link+Clicked&a_ajs_prop_footer_link_category=Company&a_ajs_prop_footer_link_name=Sustainability",
      "description": "Learn more about the company and brand story",
      "category": null
    },
    {
      "title": "Investors",
      "url": "https://ir.allbirds.com/?a_ajs_event=Footer+Link+Clicked&a_ajs_prop_footer_link_category=Company&a_ajs_prop_footer_link_name=Investors",
      "description": "Learn more about the company and brand story",
      "category": null
    },
    {
      "title": "Shoe Care",
      "url": "https://www.allbirds.com/pages/shoe-care?a_ajs_event=Footer+Link+Clicked&a_ajs_prop_footer_link_category=Company&a_ajs_prop_footer_link_name=Shoe+Care",
      "description": "Learn more about the company and brand story",
      "category": null
    },
    {
      "title": "Affiliates",
      "url": "https://www.allbirds.com/pages/affiliates?a_ajs_event=Footer+Link+Clicked&a_ajs_prop_footer_link_category=Company&a_ajs_prop_footer_link_name=Affiliates",
      "description": "Learn more about the company and brand story",
      "category": null
    },
    {
      "title": "Bulk Orders",
      "url": "https://www.allbirds.com/pages/bulk-ordering?a_ajs_event=Footer+Link+Clicked&a_ajs_prop_footer_link_category=Company&a_ajs_prop_footer_link_name=Bulk+Orders",
      "description": "Track your order status and delivery information",
      "category": null
    },
    {
      "title": "Careers",
      "url": "https://www.allbirds.com/pages/careers?a_ajs_event=Footer+Link+Clicked&a_ajs_prop_footer_link_category=Company&a_ajs_prop_footer_link_name=Careers",
      "description": "Learn more about the company and brand story",
      "category": null
    },
    {
      "title": "Press",
      "url": "https://www.allbirds.com/blogs/news?a_ajs_event=Footer+Link+Clicked&a_ajs_prop_footer_link_category=Company&a_ajs_prop_footer_link_name=Press",
      "description": "Read latest news, articles, and brand updates",
      "category": null
    },
    {
      "title": "Allbirds Responsible Disclosure Program",
      "url": "https://cdn.shopify.com/s/files/1/1104/4168/files/Security_Vulnerability_Disclosure_Policy_FINAL.pdf?v=1699405184&a_ajs_event=Footer+Link+Clicked&a_ajs_prop_footer_link_category=Company&a_ajs_prop_footer_link_name=Allbirds+Responsible+Disclosure+Program",
      "description": "Learn more about the company and brand story",
      "category": null
    },
    {
      "title": "California Transparency Act",
      "url": "https://cdn.shopify.com/s/files/1/1104/4168/files/Allbirds_CATSA_Disclosure_FINAL.pdf?v=1606779259&a_ajs_event=Footer+Link+Clicked&a_ajs_prop_footer_link_category=Company&a_ajs_prop_footer_link_name=California+Transparency+Act",
      "description": "Learn more about the company and brand story",
      "category": null
    },
    {
      "title": "Community Offers",
      "url": "https://www.allbirds.com/pages/community-offers?a_ajs_event=Footer+Link+Clicked&a_ajs_prop_footer_link_category=Company&a_ajs_prop_footer_link_name=Community+Offers",
      "description": "Learn more about the company and brand story",
      "category": null
    },
    {
      "title": "Our Blog",
      "url": "https://www.allbirds.com/blogs/the-perch?a_ajs_event=Footer+Link+Clicked&a_ajs_prop_footer_link_category=Company&a_ajs_prop_footer_link_name=Our+Blog",
      "description": "Read latest news, articles, and brand updates",
      "category": null
    },
    {
      "title": "Patents",
      "url": "https://www.allbirds.com/pages/patents?a_ajs_event=Footer+Link+Clicked&a_ajs_prop_footer_link_category=Company&a_ajs_prop_footer_link_name=Patents",
      "description": "Learn more about the company and brand story",
      "category": null
    },
    {
      "title": "Terms of Use - Wholesale",
      "url": "https://www.allbirds.com/pages/allbirds-terms-of-use-wholesale?a_ajs_event=Footer+Link+Clicked&a_ajs_prop_footer_link_category=Company&a_ajs_prop_footer_link_name=Terms+of+Use+-+Wholesale",
      "description": "Learn more about the company and brand story",
      "category": null
    },
    {
      "title": "Allbirds Global Entities",
      "url": "https://www.allbirds.com/pages/allbirds-global-entities?a_ajs_event=Footer+Link+Clicked&a_ajs_prop_footer_link_category=Company&a_ajs_prop_footer_link_name=Allbirds+Global+Entities",
      "description": "Learn more about the company and brand story",
      "category": null
    }
  ],
  "additional_insights": {},
  "total_products": 15,
  "total_faqs": 0
}