{
  "store_url": "https://gymshark.com",
  "timestamp": "2025-08-16T20:34:41.444866",
  "success": true,
  "processing_time": 62.672831773757935,
  "product_catalog": [],
  "hero_products": [],
  "privacy_policy": null,
  "return_policy": {
    "title": "Return Policy",
    "content": "FAQ\nDelivery Information\nReturns Policy\nMake A Return\nOrders\nSubmit a Fake",
    "url": "https://support.gymshark.com/en-US/article/returns-policy",
    "last_updated": null
  },
  "refund_policy": null,
  "faqs": [],
  "social_handles": [
    {
      "platform": "facebook",
      "handle": "gymshark",
      "url": "https://www.facebook.com/GymShark",
      "followers": null
    },
    {
      "platform": "pinterest",
      "handle": "gymshark",
      "url": "https://www.pinterest.com/gymshark",
      "followers": null
    },
    {
      "platform": "youtube",
      "handle": "user",
      "url": "https://www.youtube.com/user/GymSharkTV",
      "followers": null
    },
    {
      "platform": "instagram",
      "handle": "gymshark",
      "url": "https://www.instagram.com/gymshark",
      "followers": null
    },
    {
      "platform": "twitter",
      "handle": "gymshark",
      "url": "https://www.twitter.com/gymshark",
      "followers": null
    },
    {
      "platform": "tiktok",
      "handle": "gymshark",
      "url": "https://www.tiktok.com/@gymshark",
      "followers": null
    }
  ],
  "contact_info": {
    "email": null,
    "phone": "2025",
    "address": null,
    "contact_form_url": "https://support.gymshark.com/en-US/article/delivery-information"
  },
  "brand_context": {
    "name": "GYM CLOTHES BUILT IN THE WEIGHT ROOM\nOur legacy",
    "description": "create the tools that help everyone become their personal best – no matter the sport.",
    "about": "the best gym shorts in the game, from repping, to running, to rest day.",
    "mission": null,
    "vision": null,
    "founded_year": 2012,
    "headquarters": null,
    "industry": "Clothing"
  },
  "important_links": [
    {
      "title": "FAQ",
      "url": "https://support.gymshark.com/en-US",
      "description": "Get in touch with customer support and sales team",
      "category": null
    },
    {
      "title": "Delivery Information",
      "url": "https://support.gymshark.com/en-US/article/delivery-information",
      "description": "Get in touch with customer support and sales team",
      "category": null
    },
    {
      "title": "Returns Policy",
      "url": "https://support.gymshark.com/en-US/article/returns-policy",
      "description": "Get in touch with customer support and sales team",
      "category": null
    },
    {
      "title": "Make A Return",
      "url": "https://us-gymshark.happyreturns.com/",
      "description": "Return and refund policy information",
      "category": null
    },
    {
      "title": "Orders",
      "url": "https://support.gymshark.com/en-US/category/orders-and-delivery",
      "description": "Track your order status and delivery information",
      "category": null
    },
    {
      "title": "Gymshark Central",
      "url": "https://www.gymshark.com/blog",
      "description": "Read latest news, articles, and brand updates",
      "category": null
    },
    {
      "title": "About Us",
      "url": "https://www.gymshark.com/pages/about-us",
      "description": "Learn more about the company and brand story",
      "category": null
    },
    {
      "title": "Training App",
      "url": "https://www.gymshark.com/blog/article/the-gymshark-training-app-for-ios-and-android",
      "description": "Read latest news, articles, and brand updates",
      "category": null
    },
    {
      "title": "Factory List",
      "url": "https://support.gymshark.com/en-US/pages/gymshark-factory-list",
      "description": "Get in touch with customer support and sales team",
      "category": null
    },
    {
      "title": "Help",
      "url": "https://support.gymshark.com/",
      "description": "Get in touch with customer support and sales team",
      "category": null
    },
    {
      "title": "Email Sign Up",
      "url": "https://www.gymshark.com/pages/sign-up-to-our-newsletter",
      "description": "Read latest news, articles, and brand updates",
      "category": null
    },
    {
      "title": "Terms & Conditions",
      "url": "https://support.gymshark.com/en-US/pages/terms-and-conditions",
      "description": "Get in touch with customer support and sales team",
      "category": null
    },
    {
      "title": "Terms of Use",
      "url": "https://support.gymshark.com/en-US/pages/terms-of-use-us",
      "description": "Get in touch with customer support and sales team",
      "category": null
    },
    {
      "title": "Privacy Notice",
      "url": "https://support.gymshark.com/en-US/pages/privacy-notice-gs",
      "description": "Get in touch with customer support and sales team",
      "category": null
    },
    {
      "title": "Cookie Policy",
      "url": "https://support.gymshark.com/en-US/pages/cookie-policy",
      "description": "Get in touch with customer support and sales team",
      "category": null
    },
    {
      "title": "Modern Slavery",
      "url": "https://support.gymshark.com/en-US/pages/modern-slavery",
      "description": "Get in touch with customer support and sales team",
      "category": null
    }
  ],
  "additional_insights": {},
  "total_products": 0,
  "total_faqs": 0
}