{
  "store_url": "https://memy.co.in",
  "timestamp": "2025-08-16T21:10:28.358472",
  "success": true,
  "processing_time": 251.53238940238953,
  "product_catalog": [
    {
      "id": null,
      "title": "Blue Cotton Abstract Co-ord Set",
      "description": "Explore the Blue Cotton Abstract Co-ord Set, featuring soft, breathable cotton and bold abstract patterns. This set combines contemporary design with comfort, offering a unique and stylish addition to your wardrobe. Perfect for making a statement, it blends modern aesthetics with effortless elegance.",
      "price": 699.0,
      "currency": "USD",
      "images": [
        "https://memy.co.in/cdn/shop/files/1_94af14fe-bad1-4d35-8f6b-5329efc8c7ca_190x.png?v=1703686878",
        "https://memy.co.in/cdn/shop/files/1_94af14fe-bad1-4d35-8f6b-5329efc8c7ca_125x.png?v=1703686878",
        "https://memy.co.in/cdn/shop/files/4D3A1006_1024x1024.jpg?v=1750757841"
      ],
      "category": "other",
      "tags": [
        "Instagram"
      ],
      "url": "https://memy.co.in/products/blue-cotton-abstract-co-ord-set",
      "available": true,
      "variants": null,
      "metafields": {}
    },
    {
      "id": null,
      "title": "Garden Breeze White Botanical Cotton Co-ord Set",
      "description": "Buy Garden Breeze White Botanical Cotton Co-ord Set from Me & My. COD Available/Easy Return/Free shipping",
      "price": 699.0,
      "currency": "USD",
      "images": [
        "https://memy.co.in/cdn/shop/files/1_94af14fe-bad1-4d35-8f6b-5329efc8c7ca_190x.png?v=1703686878",
        "https://memy.co.in/cdn/shop/files/1_94af14fe-bad1-4d35-8f6b-5329efc8c7ca_125x.png?v=1703686878"
      ],
      "category": "home",
      "tags": [
        "Instagram"
      ],
      "url": "https://memy.co.in/products/garden-breeze-white-botanical-cotton-coord-set",
      "available": true,
      "variants": null,
      "metafields": {}
    },
    {
      "id": null,
      "title": "Off-White Cotton Floral Co-ord Set",
      "description": "Discover the Off-White Cotton Floral Co-ord Set, designed for a perfect blend of style and comfort. Made from soft, breathable cotton and adorned with elegant floral patterns, this set is ideal for a chic and effortless look. Elevate your wardrobe with this versatile and timeless piece.",
      "price": 699.0,
      "currency": "USD",
      "images": [
        "https://memy.co.in/cdn/shop/files/1_94af14fe-bad1-4d35-8f6b-5329efc8c7ca_190x.png?v=1703686878",
        "https://memy.co.in/cdn/shop/files/1_94af14fe-bad1-4d35-8f6b-5329efc8c7ca_125x.png?v=1703686878",
        "https://memy.co.in/cdn/shop/files/328A1379_1024x1024.jpg?v=1751356057"
      ],
      "category": "other",
      "tags": [
        "Instagram"
      ],
      "url": "https://memy.co.in/products/off-white-cotton-floral-co-ord-set",
      "available": true,
      "variants": null,
      "metafields": {}
    }
  ],
  "hero_products": [],
  "privacy_policy": {
    "title": "Privacy policy",
    "content": "Privacy policy\nPrivacy policy\nAt Me and My, accessible from\nhttps://memy.co.in/\n, one of our main priorities is the privacy of our visitors. This Privacy Policy document contains types of information that is collected and recorded by  Me and My and how we use it.\nIf you have additional questions or require more information about our Privacy Policy, do not hesitate to contact us.\nThis Privacy Policy applies only to our online activities and is valid for visitors to our website with regards to the information that they shared and/or collect in  Me and My. This policy is not applicable to any information collected offline or via channels other than this website.\nConsent\nBy using our website, you hereby consent to our Privacy Policy and agree to its terms.\nInformation we collect\nThe personal information that you are asked to provide, and the reasons why you are asked to provide it, will be made clear to you at the point we ask you to provide your personal information.\nIf you contact us directly, we may receive additional information about you such as your name, email address, phone number, the contents of the message and/or attachments you may send us, and any other information you may choose to provide.\nWhen you register for an Account, we may ask for your contact information, including items such as name, company name, address, email address, and telephone number.\nHow we use your information\nWe use the information we collect in various ways, including to:\nProvide, operate, and maintain our website\nImprove, personalize, and expand our website\nUnderstand and analyse how you use our website\nSharing details with 3rd Party company for seamless operations.\nDevelop new products, services, features, and functionality\nCommunicate with you, either directly or through one of our partners, including for customer service, to provide you with updates and other information relating to the website, and for marketing and promotional purposes\nSend you emails\nFind and prevent fraud\nLog Files\nMe and My follows a standard procedure of using log files. These files log visitors when they visit websites. All hosting companies do this and a part of hosting services' analytics. The information collected by log files include internet protocol (IP) addresses, browser type, Internet Service Provider (ISP), date and time stamp, referring/exit pages, and possibly the number of clicks. These are not linked to any information that is personally identifiable. The purpose of the information is for analysing trends, administering the site, tracking users' movement on the website, and gathering demographic information.\nAdvertising Partners Privacy Policies\nYou may consult this list to find the Privacy Policy for each of the advertising partners of  Me and My.\nThird-party ad servers or ad networks uses technologies like cookies, JavaScript, or Web Beacons that are used in their respective advertisements and links that appear on  Me and My, which are sent directly to users' browser. They automatically receive your IP address when this occurs. These technologies are used to measure the effectiveness of their advertising campaigns and/or to personalize the advertising content that you see on websites that you visit.\nNote that  Me and My has no access to or control over these cookies that are used by third-party advertisers.\nThird Party Privacy Policies\nMe and My Privacy Policy does not apply to other advertisers or websites. Thus, we are advising you to consult the respective Privacy Policies of these third-party ad servers for more detailed information. It may include their practices and instructions about how to opt-out of certain options. You may find a complete list of these Privacy Policies and their links here: Privacy Policy Links.\nYou can choose to disable cookies through your individual browser options. To know more detailed information about cookie management with specific web browsers, it can be found at the browsers' respective websites. What Are Cookies?\nCCPA Privacy Rights (Do Not Sell My Personal Information)\nUnder the CCPA, among other rights, California consumers have the right to:\nRequest that a business that collects a consumer's personal data disclose the categories and specific pieces of personal data that a business has collected about consumers.\nRequest that a business delete any personal data about the consumer that a business has collected.\nRequest that a business that sells a consumer's personal data, not sell the consumer's personal data.\nIf you make a request, we have one month to respond to you. If you would like to exercise any of these rights, please contact us.\nGDPR Data Protection Rights\nWe would like to make sure you are fully aware of all of your data protection rights. Every user is entitled to the following:\nThe right to access – You have the right to request copies of your personal data. We may charge you a small fee for this service.\nThe right to rectification – You have the right to request that we correct any information you believe is inaccurate. You also have the right to request that we complete the information you believe is incomplete.\nThe right to erasure – You have the right to request that we erase your personal data, under certain conditions.\nThe right to restrict processing – You have the right to request that we restrict the processing of your personal data, under certain conditions.\nThe right to object to processing – You have the right to object to our processing of your personal data, under certain conditions.\nThe right to data portability – You have the right to request that we transfer the data that we have collected to another organization, or directly to you, under certain conditions.\nIf you make a request, we have one month to respond to you. If you would like to exercise any of these rights, please contact us.\nChildren's Information\nAnother part of our priority is adding protection for children while using the internet. We encourage parents and guardians to observe, participate in, and/or monitor and guide their online activity.\nMe and My does not knowingly collect any Personal Identifiable Information from children under the age of 13. If you think that your child provided this kind of information on our website, we strongly encourage you to contact us immediately and we will do our best efforts to promptly remove such information from our records.",
    "url": "https://memy.co.in/policies/privacy-policy",
    "last_updated": null
  },
  "return_policy": null,
  "refund_policy": {
    "title": "Refund policy",
    "content": "Refund policy\nAt Me & My, we are committed to providing a hassle-free shopping experience. If you need to return or exchange an item, please review our policy below.\nBy purchasing from Me & My, you indicate your acceptance of our return and exchange policy terms. Me & My reserves the right to deny any return or exchange if the item does not meet our policy criteria.\nReturns & Exchanges:\n1.\nRequest Window\n: All return or exchange requests must be raised within 48 hours of receiving the product. To initiate a return or exchange, please visit\nhttps://memy.co.in/apps/ecoreturns\nand follow the instructions.\n2.\nEligibility\n: Items must be returned in their original condition—unworn, unwashed, undamaged, and with all original tags intact. If any item is found to be used, worn, torn, or altered, it will not be eligible for return or exchange, and a charge will be deducted from the store credit issued.\n3.\nRefunds\n: Refunds will be provided as store credit (Valid for 180 days). If the returned product shows signs of being used, an additional deduction will be made from the store credit.\n4.\nAdditional Information\n:\nPlease note product can be exchanged/Return only once.\n5.\nPickup Facility\n: Me & My will arrange a pickup for your return or exchange order, and the exchanged item will be delivered to you after successful pickup. However, if your pin code is not serviceable for pickup, you will need to ship the product to our location at your own risk and cost.\nPlease note\n: Charge of Rs 100 for Return Request and Rs 80 for Exchange Request. Which will be collected in advance while raising a request\nFor all returns, please ship to the following address:\nThreadily Brands Private Limited\nPlot No. 32-33, Prince Road A, Opp. Shubh Hospital, Jaipur 302021\nOffice hours are 10 AM to 6 PM IST (Indian Standard Time) Monday to Friday. We are closed on weekends, on bank holidays and any other public holidays as declared by the Government of India and by State of Rajasthan.\nKindly note that it's essential to wait for our confirmation before sending back the item. Upon receiving our confirmation, you can proceed to return the item to us. We will then coordinate with our logistics partner to facilitate the replacement process. We kindly request that you do not send any items for return or replacement without receiving our confirmation, as we cannot take responsibility for such shipments.\nPlease note : Charge of Rs 100 for Return Request and Rs 80 for Exchange Request. Which will be collected in advance while raising a request\nFor Assistance:\nContact us -\n+91 22 6962 0753\nEmail us -\ncare@memy.co.in",
    "url": "https://memy.co.in/policies/refund-policy",
    "last_updated": null
  },
  "faqs": [],
  "social_handles": [
    {
      "platform": "facebook",
      "handle": "memy.co.in",
      "url": "https://www.facebook.com/memy.co.in",
      "followers": null
    },
    {
      "platform": "instagram",
      "handle": "memy.co.in",
      "url": "https://www.instagram.com/memy.co.in/",
      "followers": null
    }
  ],
  "contact_info": {
    "email": "care@memy.co.in",
    "phone": "32-33",
    "address": null,
    "contact_form_url": "mailto:care@memy.co.in"
  },
  "brand_context": {
    "name": "About us",
    "description": "Discover our commitment to delivering high-quality, stylish apparel that combines contemporary trends with timeless elegance. Explore our story, values, and the team dedicated to bringing you the best in fashion, designed to make you look and feel amazing.",
    "about": "us\n\n\n \r\n                About us\r\n            \n\r\n                            \t\tAt Me & My, we believe that fashion should be fun, accessible, and affordable.",
    "mission": "to redefine the way women shop for western apparel.",
    "vision": "that fashion should be fun, accessible, and affordable.",
    "founded_year": null,
    "headquarters": "in Jaipur, our team works tirelessly to create fashion that not only looks good but feels good too.",
    "industry": "Fashion"
  },
  "important_links": [],
  "additional_insights": {},
  "total_products": 3,
  "total_faqs": 0
}